filename,notes,authors,licenses,urls
"head/heads/zombie/adult/walk.png","","bluecarrot16, Benjamin K. Smith (BenCreating), Sander Frenken (castelonia), Stephen Challener (Redshrike)","CC-BY-SA 3.0, GPL 3.0","https://opengameart.org/content/liberated-pixel-cup-lpc-base-assets-sprites-map-tiles, https://opengameart.org/content/lpc-zombie, https://opengameart.org/content/lpc-character-bases"
"head/faces/${head}/neutral/walk.png","Original by Redshrike, Expressions by ElizaWy, mapped to all frames by JaidynReiman","JaidynReiman, ElizaWy, Stephen Challener (Redshrike)","OGA-BY 3.0","https://github.com/ElizaWy/LPC/tree/main/Characters/Head, https://opengameart.org/content/ulpc-expanded-expressions"
"body/bodies/male/walk.png","see details at https://opengameart.org/content/lpc-character-bases; 'Thick' Male Revised Run/Climb by JaidynReiman (based on ElizaWy's LPC Revised)","bluecarrot16, JaidynReiman, Benjamin K. Smith (BenCreating), Evert, Eliza Wyatt (ElizaWy), TheraHedwig, MuffinElZangano, Durrani, Johannes Sjölund (wulax), Stephen Challener (Redshrike)","OGA-BY 3.0, CC-BY-SA 3.0, GPL 3.0","https://opengameart.org/content/liberated-pixel-cup-lpc-base-assets-sprites-map-tiles, https://opengameart.org/content/lpc-medieval-fantasy-character-sprites, https://opengameart.org/content/lpc-male-jumping-animation-by-durrani, https://opengameart.org/content/lpc-runcycle-and-diagonal-walkcycle, https://opengameart.org/content/lpc-revised-character-basics, https://opengameart.org/content/lpc-be-seated, https://opengameart.org/content/lpc-runcycle-for-male-muscular-and-pregnant-character-bases-with-modular-heads, https://opengameart.org/content/lpc-jump-expanded, https://opengameart.org/content/lpc-character-bases"
"body/wound/brain/walk/red.png","","Benjamin K. Smith (BenCreating), Sander Frenken (castelonia)","CC-BY-SA 3.0, GPL 3.0","https://opengameart.org/content/lpc-zombie"
"body/wound/eye_left/walk.png","Zombie by BenCreating, commissioned by castelonia; flipped (left eye) variant by JaidynReiman","JaidynReiman, Benjamin K. Smith (BenCreating), Sander Frenken (castelonia)","CC-BY-SA 3.0, GPL 3.0","https://opengameart.org/content/lpc-zombie"
"torso/clothes/longsleeve/scoop/male/walk.png","body by Redshrike, scoop shirt by ElizaWy derived from base; adapted to v3 bodies by bluecarrot16; male version adapted from female cutouts and male longsleeve by JaidynReiman, climb/jump/run/sit/emote/revised combat adapted from LPC Revised by JaidynReiman","bluecarrot16, ElizaWy, JaidynReiman, Stephen Challener (Redshrike)","OGA-BY 3.0, GPL 3.0","https://opengameart.org/content/liberated-pixel-cup-lpc-base-assets-sprites-map-tiles, http://opengameart.org/content/lpc-clothing-updates, https://opengameart.org/content/lpc-revised-character-basics, https://github.com/ElizaWy/LPC/tree/main/Characters/Clothing, https://opengameart.org/content/lpc-expanded-sit-run-jump-more, https://opengameart.org/content/lpc-expanded-simple-shirts"
"legs/cuffed/male/walk.png","Original bases by Redshrike, thrust/shoot bases by Wulax, original overalls by ElizaWy, base animations adapted from v3 overalls by bluecarrot16, pants by JaidynReiman","JaidynReiman, ElizaWy, Bluecarrot16, Johannes Sjölund (wulax), Stephen Challener (Redshrike)","OGA-BY 3.0, GPL 3.0","https://github.com/ElizaWy/LPC/tree/main/Characters/Clothing, https://opengameart.org/content/lpc-expanded-sit-run-jump-more, https://opengameart.org/content/lpc-expanded-pants"
"arms/hands/gloves/male/walk.png","metal gloves by wulax, recolors by bigbeargames, adapted to v3 bases by bluecarrot16, added to expanded animations by JaidynReiman","Michael Whitlock (bigbeargames), Matthew Krohn (makrohn), Johannes Sjölund (wulax), bluecarrot16, JaidynReiman","OGA-BY 3.0, CC-BY-SA 3.0, GPL 3.0","https://opengameart.org/content/lpc-medieval-fantasy-character-sprites, http://opengameart.org/content/lpc-clothing-updates"
"feet/shoes/basic/male/walk.png","original by wulax, edited for v3 base by bluecarrot16, Jump/Sit/Emote/Run/Revised Combat by JaidynReiman","JaidynReiman, bluecarrot16, Johannes Sjölund (wulax)","OGA-BY 3.0, CC-BY-SA 3.0, GPL 3.0","https://opengameart.org/content/lpc-medieval-fantasy-character-sprites, http://opengameart.org/content/lpc-clothing-updates, https://opengameart.org/content/lpc-expanded-socks-shoes"
